{"Laguna St at Hayes St": [37.77643481920474, -122.42624402046205], "San Francisco Public Library (Grove St at Hyde St)": [37.7787677, -122.4159292], "Yerba Buena Center for the Arts (Howard St at 3rd St)": [37.78487208436062, -122.40087568759917], "Dolores St at 15th St": [37.7662102, -122.4266136], "8th St at Ringold St": [37.774520401136854, -122.4094493687153], "Powell St BART Station (Market St at 5th St)": [37.78389935708493, -122.40844488143921], "San Francisco Caltrain (Townsend St at 4th St)": [37.776598, -122.395282], "Mechanics Monument Plaza (Market St at Bush St)": [37.7913, -122.399051], "Howard St at Beale St": [37.789756, -122.394643], "San Francisco Caltrain Station 2  (Townsend St at 4th St)": [37.77663920000001, -122.3955263], "Spear St at Folsom St": [37.78967670000001, -122.39042849999998], "3rd St at Townsend St": [37.77874161153677, -122.39274082710837], "The Embarcadero at Steuart St": [37.79146400000001, -122.391034], "Clay St at Battery St": [37.795001, -122.39997], "Beale St at Harrison St": [37.7880593, -122.3918648], "Folsom St at 9th St": [37.7737172, -122.4116467], "San Francisco Ferry Building (Harry Bridges Plaza)": [37.795392, -122.394203], "Cyril Magnin St at Ellis St": [37.78588062694133, -122.4089150084319], "Folsom St at 19th St": [37.7605936, -122.41481709999998], "The Embarcadero at Sansome St": [37.80477, -122.403234], "Garfield Square (25th St at Harrison St)": [37.75101710000001, -122.4119009], "Folsom St at 15th St": [37.7670373, -122.4154425], "Broadway at Kearny": [37.79801364395978, -122.40595042705534], "S Park St at 3rd St": [37.7807601, -122.3949894], "Davis St at Jackson St": [37.79728, -122.398436], "Market St at Dolores St": [37.76930529999999, -122.4268256], "Valencia St at 16th St": [37.765052, -122.4218661], "Victoria Manalo Draves Park": [37.77779057034257, -122.40643188357352], "Post St at Kearny St": [37.788975, -122.403452], "Steuart St at Market St": [37.79413, -122.39443], "San Francisco City Hall (Polk St at Grove St)": [37.77865, -122.41823], "The Embarcadero at Vallejo St": [37.799953, -122.398525], "Church St at Duboce Ave": [37.7700831, -122.4291557], "Mission Dolores Park": [37.7614205, -122.4264353], "19th St at Florida St": [37.7604469, -122.410807], "Valencia St at 24th St": [37.7524278, -122.4206278], "Montgomery St BART Station (Market St at 2nd St)": [37.7896254, -122.400811], "5th St at Howard St": [37.781752, -122.405127], "Valencia St at 22nd St": [37.7552126, -122.42097520000002], "Market St at 10th St": [37.776619, -122.417385], "Koshland Park": [37.77341396997343, -122.427316904068], "Valencia St at 21st St": [37.7567083, -122.421025], "30th St at San Jose Ave": [37.7423139, -122.4231805], "24th St at Chattanooga St": [37.7518194, -122.4266139], "Jersey St at Castro St": [37.750506, -122.4339496], "20th St at Bryant St": [37.7592005, -122.409851], "Mission Playground": [37.75921029999999, -122.4213392], "Valencia St at Cesar Chavez St": [37.7479981, -122.4202187], "McCoppin St at Valencia St": [37.77166246221617, -122.42242321372034], "Powell St BART Station (Market St at 4th St)": [37.78637526861584, -122.40490436553956], "Washington St at Kearny St": [37.795392937254526, -122.4047702550888], "Esprit Park": [37.7616343, -122.3906477], "Berry St at 4th St": [37.77588, -122.39317], "18th St at Noe St": [37.7610471, -122.43264170000002], "7th St at Brannan St": [37.7734919, -122.4036725], "Golden Gate Ave at Polk St": [37.78127, -122.41874], "The Embarcadero at Bryant St": [37.78716801474664, -122.38809792330359], "Grove St at Divisadero": [37.77594600000001, -122.4377775], "McAllister St at Baker St": [37.7774157, -122.4418376], "19th St at Mission St": [37.760299, -122.418892], "Golden Gate Ave at Hyde St": [37.7816495, -122.4154077], "2nd St at S Park St": [37.782411189735896, -122.39270595839115], "2nd St at Folsom St": [37.78499972833808, -122.39593561749642], "11th St at Bryant St": [37.7700298, -122.4117258], "29th St at Tiffany Ave": [37.74406670000001, -122.4214722], "14th St at Mission St": [37.7682646, -122.4201102], "Embarcadero BART Station (Beale St at Market St)": [37.792251, -122.39708600000002], "11th St at Natoma St": [37.7735069, -122.4160402], "Howard St at 8th St": [37.7765126, -122.4113061], "Father Alfred E Boeddeker Park": [37.78398789999999, -122.412408], "4th St at Mission Bay Blvd S": [37.7704074, -122.39119840000002], "Harrison St at 20th St": [37.758862, -122.412544], "Eureka Valley Recreation Center": [37.7591769, -122.4369431], "Jackson Playground": [37.7650259, -122.3987734], "O'Farrell St at Divisadero St": [37.7824046019341, -122.43944585323335], "4th St at Harrison St": [37.78095459960753, -122.39974915981293], "Webster St at O'Farrell St": [37.78352083526095, -122.43115782737732], "Union Square (Powell St at Post St)": [37.78829997815083, -122.40853071212769], "Central Ave at Fell St": [37.77331087889723, -122.44429260492323], "Commercial St at Montgomery St": [37.794231, -122.402923], "Page St at Scott St": [37.772406, -122.4356498], "Harrison St at 17th St": [37.7638471, -122.41300359999998], "29th St at Church St": [37.7436839, -122.42680590000002], "16th St Mission BART": [37.76471008581914, -122.41995692253113], "Franklin Square": [37.764555, -122.410345], "Sanchez St at 15th St": [37.7662185, -122.4310597], "Townsend St at 7th St": [37.771058, -122.402717], "Raymond Kimbell Playground": [37.783812709278116, -122.4345588684082], "Civic Center/UN Plaza BART Station (Market St at McAllister St)": [37.7810737, -122.4117382], "1st St at Folsom St": [37.78729000000001, -122.39438], "S Van Ness Ave at Market St": [37.774814, -122.418954], "Scott St at Golden Gate Ave": [37.7789994, -122.4368608], "Broderick St at Oak St": [37.7730627, -122.4390777], "16th St Mission BART Station 2": [37.7647652154977, -122.42009103298186], "Market St at Franklin St": [37.77379320608871, -122.42123901844023], "Division St at Potrero Ave": [37.76921786152374, -122.40764558315277], "Rhode Island St at 17th St": [37.7644783, -122.4025701], "Mississippi St at 17th St": [37.76480220000001, -122.3947713], "Folsom St at 3rd St": [37.78383, -122.39887], "22nd St Caltrain Station": [37.75736899005735, -122.3920565843582], "17th St at Valencia St": [37.7633158, -122.4219039], "Bryant St at 15th St": [37.7671004, -122.41066200000002], "5th at Folsom": [37.78014570345598, -122.40307085237872], "5th St at Brannan St": [37.7767539, -122.3990176], "Howard St at 2nd St": [37.78752178045625, -122.39740490913393], "Irwin St at 8th St": [37.7668828, -122.3995794], "Townsend St at 5th St": [37.7753058, -122.39738], "Webster St at Grove St": [37.7770527, -122.4295585], "17th St at Dolores St": [37.7630152, -122.42649679999998], "Precita Park": [37.74729960000001, -122.4114029], "Laguna St at McAllister St": [37.77920820000001, -122.4268287], "16th St at Prosper St": [37.764285, -122.43180420000002], "17th & Folsom Street Park (17th St at Folsom St)": [37.7637085, -122.41520420000002], "Duboce Park": [37.7692005, -122.4338119], "Broadway at Battery St": [37.79857210846257, -122.40086898207666], "Sanchez St at 17th St": [37.7632417, -122.4306746], "Bryant St at 6th St": [37.77591022233337, -122.40257500673576], "San Bruno Ave at 16th St": [37.76600774273675, -122.40567684173584], "Jersey St at Church St": [37.7509004, -122.4274114], "Cesar Chavez St at Dolores St": [37.7478584, -122.4249863], "2nd St at Townsend St - Coming Soon": [37.780526, -122.39028799999998], "Dolores St at 22nd St": [37.754795, -122.425649], "Potrero Ave and Mariposa St": [37.76328094058097, -122.4073773622513], "Colin P Kelly Jr St at Townsend St (Temporary Site)": [37.781382819628725, -122.38984107971191], "Pierce St at Haight St": [37.7717933, -122.43370790000002], "Bryant St at 2nd St": [37.783171989315306, -122.39357203245164], "2nd St at Townsend St": [37.780526, -122.39028799999998], "Hubbell St at 16th St": [37.76647421515012, -122.39829540252686], "16th St Depot": [37.766349, -122.396289],